,n,episode_reward_min,episode_reward_mean,episode_reward_max,episode_len_mean
0,1,-1.3335971112747385,1.8009108645831653,16.88634152572586,3.3576826196473553
