,n,episode_reward_min,episode_reward_mean,episode_reward_max,episode_len_mean
0,1,-0.7745377227620927,1.8845496651412834,18.12619572441649,3.342809364548495
