IQB,split_range
0.28843482167160434,1
0.9936834104689717,1
0.9948084610755984,1
0.8851134277333921,0
0.9759777176109948,0
0.991922666066253,0
0.9788592904611051,0
